<?xml version="1.0" encoding="UTF-8"?>
<!DOCTYPE suite SYSTEM "http://testng.org/testng-1.0.dtd">
<suite name="RunHr411">
   <listeners>
      <listener class-name="com.runhr411.utilities.Reporting" />
   </listeners>
   <test name="RunHR411TestChrome" preserve-order="true">
      <parameter name="browser" value="chrome" />
      <classes>
      <!--   <class name="com.runhr411.testcases.HR411_Essential_Navigations"/>
        <class name="com.runhr411.testcases.HR411_ADPEnhancedPayroll_Navigations"/>
        <class name="com.runhr411.testcases.HR411_Enhanced_Navigation"/>
        <class name="com.runhr411.testcases.HR411_HRStarter_Navigations"/>-->
        <class name="com.runhr411.testcases.HR411_CompleteBundleNavigations"/>
       <!--   <class name="com.runhr411.testcases.HR411_ADPCompleteHR_Navigations"/> -->
    <!--  <class name="com.runhr411.testcases.MyHRProfileSaveDataTest"/>  -->
     <!--    <class name="com.runhr411.testcases.AccountResnstatementTest"/>-->
     <!--    <class name="com.runhr411.testcases.SetEmpHBAccessMHO_TC_006"/> -->
      </classes>
   </test>
 <!--   <test name="RunHR411TestFireFox" preserve-order="true">
      <parameter name="browser" value="firefox" />
      <classes>
        <class name="com.runhr411.testcases.HR411_Essential_Navigations"/>
        <class name="com.runhr411.testcases.HR411_ADPEnhancedPayroll_Navigations"/>
        <class name="com.runhr411.testcases.HR411_Enhanced_Navigation"/>
        <class name="com.runhr411.testcases.HR411_HRStarter_Navigations"/>
        <class name="com.runhr411.testcases.HR411_CompleteBundleNavigations"/>
        <class name="com.runhr411.testcases.HR411_ADPCompleteHR_Navigations"/>
        <class name="com.runhr411.testcases.AccountResnstatementTest"/>
        <class name="com.runhr411.testcases.VerifyAllLinks"/>
      </classes>
   </test> -->
   <!-- Test -->
</suite>
<!-- Suite -->